CustomerID,FirstName,LastName,City,State,Zipcode
100,Carol,Shaw,Seattle,WA,98121
101,Elizabeth,Carr,Austin,TX,78732
102,Ernest,Ramos,Kansas City,MO,64199
103,Jane,Carter,Irving,TX,75037
104,Martha,Cooper,Tampa,FL,33625
105,Patricia,Fox,Frederick,MD,21705
106,Jack,Peters,Spring,TX,77386
107,Brian,Mcdonald,Oklahoma City,OK,73167
108,Nicholas,Clark,Danbury,CT,6816
109,Cheryl,Robinson,Birmingham,AL,35244
110,Doris,Ramirez,South Bend,IN,46614
111,Sandra,Ortiz,Richmond,VA,23225
112,Timothy,Garrett,Cincinnati,OH,45223
113,Chris,Williamson,Albuquerque,NM,87180
114,Norma,Scott,Minneapolis,MN,55470
115,Brandon,Webb,El Paso,TX,79968
116,Stephen,Mason,San Francisco,CA,94159
117,Gloria,Armstrong,Lakeland,FL,33811
118,Beverly,Meyer,Boise,ID,83757
119,Janice,Mitchell,Olympia,WA,98516
120,Ronald,Murphy,Denver,CO,80235
121,Ruby,Lawson,Corpus Christi,TX,78465
122,Jean,Palmer,Lincoln,NE,68505
123,Shawn,Peters,Fort Lauderdale,FL,33320
124,Pamela,Welch,Englewood,CO,80150
125,Kathy,Alexander,Houston,TX,77250
126,James,Howard,Johnstown,PA,15906
127,Steven,Hawkins,Daytona Beach,FL,32128
128,Randy,Gibson,Washington,DC,20404
129,Arthur,Williams,San Antonio,TX,78215
130,Justin,Gray,Wichita,KS,67260
131,Juan,Patterson,Naples,FL,34108
132,Tina,Perez,Washington,DC,20073
133,Earl,Carter,Rochester,NY,14624
134,Kelly,Taylor,Saint Paul,MN,55108
135,Doris,Watkins,Nashville,TN,37215
136,Rebecca,Graham,Columbia,SC,29203
137,Pamela,Myers,Jacksonville,FL,32225
138,Lawrence,Hicks,Orlando,FL,32808
139,Brian,Mccoy,Sioux Falls,SD,57198
140,Diane,Perez,Salt Lake City,UT,84130
141,Elizabeth,Jordan,Stamford,CT,6912
142,Patrick,Young,Montgomery,AL,36195
143,Wayne,Bradley,Florence,SC,29505
144,Anne,Hicks,Albany,NY,12247
145,Steven,Gardner,Richmond,VA,23208
146,Donald,Jackson,Waterbury,CT,6721
147,Michael,Marshall,Wichita,KS,67215
148,Wayne,Stanley,Cleveland,OH,44177
149,Emily,Watkins,Columbia,MO,65218
150,Sean,Myers,Dallas,TX,75367
151,Earl,Richards,Houston,TX,77020
152,Brandon,Murray,Charleston,SC,29403
153,Matthew,Jacobs,Greensboro,NC,27409
154,Diane,Scott,Grand Rapids,MI,49505
155,Sarah,Taylor,Dayton,OH,45403
156,Andrew,Nichols,Oklahoma City,OK,73197
157,Sarah,Cooper,Evansville,IN,47732
158,Benjamin,Fuller,Oklahoma City,OK,73129
159,Roger,Williamson,El Paso,TX,79923
160,Keith,Duncan,Amarillo,TX,79159
161,Diane,Bishop,Birmingham,AL,35295
162,Rebecca,Sanchez,Sacramento,CA,94207
163,Jack,Turner,Washington,DC,20370
164,Joshua,Jordan,Edmond,OK,73034
165,Jane,Meyer,Apache Junction,AZ,85219
166,Thomas,Henderson,Brooklyn,NY,11225
167,Brandon,Matthews,Wilmington,DE,19892
168,Mark,Perkins,Chicago,IL,60604
169,Willie,Castillo,Jefferson City,MO,65110
170,Andrew,Foster,Memphis,TN,38197
171,Andrew,Ortiz,Orange,CA,92867
172,Katherine,Butler,Englewood,CO,80150
173,Henry,Woods,Bronx,NY,10459
174,Janet,Murphy,Reading,PA,19605
175,Richard,Henderson,Washington,DC,20041
176,Antonio,Meyer,Pasadena,CA,91186
177,Wayne,Robertson,Washington,DC,20210
178,Cheryl,Sanchez,Saint Paul,MN,55114
179,Michael,Green,Akron,OH,44310
180,Shawn,Martin,New York City,NY,10275
181,Louise,Cook,Charlotte,NC,28242
182,Barbara,Olson,Saint Petersburg,FL,33705
183,Dorothy,Meyer,Charlottesville,VA,22908
184,Kathleen,Adams,Wilkes Barre,PA,18706
185,Michael,Porter,Hicksville,NY,11854
186,Todd,Reed,Moreno Valley,CA,92555
187,Marilyn,Murray,El Paso,TX,88541
188,Tammy,Knight,Montgomery,AL,36134
189,Ryan,Scott,Buffalo,NY,14205
190,Louise,Reed,Albany,NY,12232
191,Antonio,Freeman,Baltimore,MD,21282
192,Steven,Hughes,Fort Lauderdale,FL,33320
193,Barbara,Bell,Los Angeles,CA,90065
194,Brian,Shaw,Boise,ID,83727
195,Annie,Kelley,Lincoln,NE,68531
196,Charles,Gordon,Columbia,SC,29240
197,Larry,Chavez,Vancouver,WA,98664
198,Amanda,Phillips,Akron,OH,44310
199,Janet,Perez,Arlington,TX,76004
200,Janet,Kelley,Miami,FL,33169
201,Joseph,Wagner,Tampa,FL,33686
202,Alice,Freeman,Jacksonville,FL,32277
203,Diane,Kelly,Albany,GA,31704
204,Donald,Gilbert,Carol Stream,IL,60351
205,Ryan,Rice,Anaheim,CA,92812
206,Chris,Wallace,Colorado Springs,CO,80935
207,Betty,Miller,El Paso,TX,88558
208,Mark,Gray,Metairie,LA,70033
209,Sarah,Webb,Austin,TX,78737
210,Norma,Ramos,Tampa,FL,33694
211,Benjamin,Garcia,Waco,TX,76796
212,Frank,Castillo,Trenton,NJ,8638
213,Jerry,Chapman,Phoenix,AZ,85035
214,Albert,Fisher,Lexington,KY,40505
215,Juan,Price,Washington,DC,20238
216,Michelle,Clark,Stamford,CT,6912
217,Sharon,Wallace,Durham,NC,27710
218,Lori,Walker,Wichita Falls,TX,76310
219,Henry,Roberts,Philadelphia,PA,19191
220,Julia,Larson,Atlanta,GA,30375
221,Nancy,Garza,Mesa,AZ,85215
222,Denise,Burton,Indianapolis,IN,46254
223,Janet,Griffin,Huntington Beach,CA,92648
224,Amanda,Greene,Las Vegas,NV,89105
225,Jonathan,Gonzales,Alexandria,VA,22309
226,Eugene,Jones,Youngstown,OH,44555
227,Michael,Anderson,Wichita,KS,67220
228,Jason,Rivera,Winston Salem,NC,27150
229,Louise,Gray,Washington,DC,20409
230,Rose,Frazier,Philadelphia,PA,19136
231,Ronald,Larson,Pensacola,FL,32526
232,Louis,Cunningham,Peoria,IL,61614
233,Kathryn,Perez,Amarillo,TX,79105
234,Randy,Parker,Moreno Valley,CA,92555
235,Richard,Arnold,Seattle,WA,98158
236,Shawn,Mendoza,Miami,FL,33245
237,Christine,Cox,Buffalo,NY,14210
238,Patricia,Murray,Akron,OH,44310
239,Joyce,Rivera,Los Angeles,CA,90055
240,Earl,Carr,Las Vegas,NV,89166
241,Lawrence,Kelley,Louisville,KY,40233
242,Matthew,Gomez,Miami,FL,33190
243,Anthony,Jacobs,Philadelphia,PA,19141
244,Diane,Jenkins,Evansville,IN,47747
245,Kimberly,Harvey,Brooklyn,NY,11225
246,Joseph,Garcia,Fort Lauderdale,FL,33345
247,Antonio,Gutierrez,Oklahoma City,OK,73104
248,Anna,Wallace,Bonita Springs,FL,34135
249,Harold,Young,Newark,NJ,7188
250,Alice,Fisher,San Diego,CA,92191
251,Kathy,Duncan,Mobile,AL,36641
252,Mildred,Williams,Palmdale,CA,93591
253,Teresa,Reed,San Diego,CA,92127
254,Anthony,King,Houston,TX,77020
255,Tina,Kelley,Garland,TX,75049
256,Ashley,Vasquez,Jacksonville,FL,32225
257,Ann,Woods,El Paso,TX,88525
258,Daniel,Hicks,Omaha,NE,68124
259,Debra,Jones,Bronx,NY,10464
260,Norma,Lawson,Philadelphia,PA,19146
261,Elizabeth,Robertson,San Antonio,TX,78245
262,Paul,Ray,Washington,DC,20525
263,Cynthia,Wallace,Daytona Beach,FL,32123
264,Larry,Burns,Memphis,TN,38131
265,Julia,Morrison,Anderson,IN,46015
266,David,Lee,Oakland,CA,94627
267,Virginia,Romero,Providence,RI,2912
268,Anne,Campbell,Racine,WI,53405
269,Beverly,Lee,Dayton,OH,45440
270,Harold,Scott,Chicago,IL,60691
271,Lois,Edwards,Detroit,MI,48211
272,Mary,Reid,Aiken,SC,29805
273,Emily,Patterson,Waco,TX,76796
274,Jean,Stanley,Portland,OR,97271
275,James,Watkins,Clearwater,FL,33763
276,Christopher,Ramos,Bozeman,MT,59771
277,Jessica,Green,San Antonio,TX,78235
278,Michelle,Black,Riverside,CA,92505
279,Ernest,Thompson,New York City,NY,10280
280,Katherine,Johnston,New York City,NY,10150
281,Douglas,Dean,Homestead,FL,33034
282,Anne,Welch,New Orleans,LA,70129
283,Harold,Patterson,Chandler,AZ,85246
284,Doris,Oliver,Philadelphia,PA,19104
285,Rebecca,Wright,Lansing,MI,48956
286,Kenneth,Fox,Mesa,AZ,85210
287,Samuel,Harper,Saint Louis,MO,63180
288,Jacqueline,Ryan,Orlando,FL,32854
289,Teresa,Garcia,Portland,OR,97271
290,Sarah,Matthews,Bowie,MD,20719
291,Martin,Hicks,Washington,DC,20530
292,Roger,Welch,Lansing,MI,48912
293,Denise,Fernandez,Spokane,WA,99260
294,Jerry,Dixon,Chattanooga,TN,37405
295,Patrick,Rivera,Pittsburgh,PA,15230
296,Jack,Hudson,Laredo,TX,78044
297,George,Cook,Grand Rapids,MI,49544
298,Johnny,Johnston,Des Moines,IA,50362
299,Bruce,Perez,Salt Lake City,UT,84145
300,Joan,Brown,Salt Lake City,UT,84130
301,Amanda,Morrison,Los Angeles,CA,90010
302,Deborah,Kennedy,Dayton,OH,45426
303,Fred,Martinez,Washington,DC,20425
304,Laura,Chavez,Providence,RI,2905
305,Jack,White,Indianapolis,IN,46221
306,Andrew,Lewis,Wichita,KS,67215
307,Jack,Foster,Kansas City,MO,64125
308,Alice,Gutierrez,Topeka,KS,66606
309,Bobby,Ray,Anchorage,AK,99517
310,Heather,Ellis,Baltimore,MD,21290
311,Karen,Porter,Denver,CO,80209
312,Robert,Larson,New Orleans,LA,70165
313,William,Murphy,Tyler,TX,75705
314,Jerry,Collins,Fresno,CA,93721
315,Julia,Freeman,Cincinnati,OH,45249
316,Denise,Armstrong,Panama City,FL,32405
317,Ruth,Morris,Norman,OK,73071
318,Johnny,Butler,Miami,FL,33111
319,Tina,Jackson,Naples,FL,33961
320,Alan,Lawson,Kansas City,MO,64142
321,Denise,Myers,Washington,DC,20503
322,Brenda,Day,Erie,PA,16505
323,Peter,Hall,Norman,OK,73071
324,Frank,Bell,North Little Rock,AR,72199
325,George,Castillo,Knoxville,TN,37919
326,Margaret,Dunn,Phoenix,AZ,85030
327,Jason,Owens,Madison,WI,53716
328,Brenda,Kelly,Knoxville,TN,37995
329,Lillian,Green,Colorado Springs,CO,80935
330,Paula,Campbell,Stamford,CT,6912
331,Jessica,Dean,Winston Salem,NC,27110
332,Jennifer,Davis,San Antonio,TX,78245
333,Nicole,Hanson,Corpus Christi,TX,78475
334,Lois,Warren,Birmingham,AL,35254
335,Wayne,Shaw,Tallahassee,FL,32309
336,Aaron,Robertson,Duluth,MN,55811
337,Harry,Watkins,Champaign,IL,61825
338,Michael,Johnston,Atlanta,GA,30368
339,Terry,Wood,San Antonio,TX,78278
340,Daniel,Chapman,Los Angeles,CA,90025
341,Richard,Hart,Manchester,NH,3105
342,Patrick,Barnes,Des Moines,IA,50315
343,Raymond,Brooks,Flint,MI,48505
344,Peter,Anderson,Pasadena,CA,91199
345,Jessica,Grant,Baltimore,MD,21281
346,Linda,Parker,Montgomery,AL,36134
347,Brandon,Elliott,Chicago,IL,60686
348,Gloria,Marshall,Pasadena,CA,91117
349,Judith,Kelly,Oakland,CA,94660
350,Jimmy,Johnston,Chicago,IL,60630
351,Mark,Adams,Warren,OH,44485
352,Debra,Rice,North Port,FL,34290
353,Helen,Stephens,Washington,DC,20436
354,Kathy,Harris,Providence,RI,2912
355,Thomas,Carter,El Paso,TX,79994
356,Frances,Fields,Baltimore,MD,21265
357,Jacqueline,Hawkins,Phoenix,AZ,85010
358,Janet,Morgan,Minneapolis,MN,55441
359,Ruth,Garcia,Philadelphia,PA,19191
360,Carlos,Hicks,Akron,OH,44321
361,Juan,Wagner,Kansas City,MO,64179
362,Linda,Fields,Richmond,VA,23228
363,Lori,Wood,Nashville,TN,37228
364,Stephen,Jacobs,Aiken,SC,29805
365,Randy,Williams,Whittier,CA,90605
366,Brandon,Black,Kansas City,MO,64149
367,Jonathan,Price,Baton Rouge,LA,70826
368,Brandon,Rose,Tucson,AZ,85732
369,Daniel,Franklin,Lawrenceville,GA,30045
370,Marie,Romero,Bronx,NY,10459
371,Melissa,Wheeler,Jamaica,NY,11407
372,Fred,Morris,Silver Spring,MD,20904
373,Michael,Burke,Indianapolis,IN,46202
374,Sara,Phillips,Richmond,VA,23208
375,Angela,Hernandez,Hartford,CT,6145
376,Patricia,Carroll,Lancaster,CA,93584
377,Emily,Ryan,Fort Lauderdale,FL,33336
378,Joan,Stone,Silver Spring,MD,20910
379,Joshua,Rivera,Washington,DC,20046
380,Amanda,Bowman,Kansas City,MO,64160
381,Stephen,Gray,Raleigh,NC,27621
382,Sean,Rodriguez,Tampa,FL,33610
383,Sandra,Patterson,Pensacola,FL,32520
384,Rose,Nichols,Jamaica,NY,11407
385,Stephanie,Wallace,Miami,FL,33185
386,Anthony,Carter,Apache Junction,AZ,85219
387,Timothy,Powell,Lehigh Acres,FL,33972
388,Albert,Baker,Washington,DC,20380
389,Jerry,Bailey,Rochester,MN,55905
390,Heather,Murphy,Chicago,IL,60646
391,Patricia,Perez,Erie,PA,16510
392,Brian,Sullivan,Washington,DC,20260
393,Aaron,Taylor,San Antonio,TX,78210
394,Frances,Jones,Corpus Christi,TX,78426
395,Diana,Hicks,Cincinnati,OH,45228
396,Thomas,Griffin,Salt Lake City,UT,84115
397,Jonathan,Turner,Inglewood,CA,90398
398,Jeremy,Robinson,Grand Rapids,MI,49544
399,David,Robertson,Atlanta,GA,30336
400,Joseph,Hernandez,Albany,NY,12262
401,Robin,Duncan,Jackson,MS,39236
402,Jonathan,West,Baton Rouge,LA,70810
403,Carolyn,Welch,Seattle,WA,98127
404,Laura,Henry,Staten Island,NY,10305
405,Dennis,Chapman,Kansas City,MO,64109
406,Lisa,Cunningham,Cleveland,OH,44197
407,Kimberly,Cole,Miami,FL,33283
408,Douglas,Gutierrez,Memphis,TN,38136
409,Laura,Daniels,Arlington,TX,76016
410,Patricia,Palmer,Topeka,KS,66667
411,Steven,Gonzalez,Trenton,NJ,8619
412,Susan,Peterson,Boise,ID,83727
413,Angela,Crawford,Miami,FL,33196
414,Sean,Carpenter,Glendale,CA,91205
415,Bruce,Morrison,Milwaukee,WI,53234
416,Martin,Stone,San Antonio,TX,78220
417,Roger,Nichols,Springfield,IL,62718
418,Gerald,Parker,Knoxville,TN,37914
419,Rebecca,Garza,Washington,DC,20551
420,Henry,Edwards,Cincinnati,OH,45296
421,Stephen,Jones,Washington,DC,56944
422,Ernest,Hanson,Great Neck,NY,11024
423,Keith,Nelson,Washington,DC,20205
424,Anthony,Spencer,Dallas,TX,75251
425,Randy,Richardson,Washington,DC,20520
426,Gregory,Wagner,Wilmington,DE,19810
427,Bobby,Pierce,Nashville,TN,37205
428,Steven,Kim,Columbia,MO,65218
429,Andrew,Harris,Milwaukee,WI,53285
430,Gregory,Freeman,Birmingham,AL,35285
431,Daniel,Cooper,San Diego,CA,92153
432,Amanda,Ramirez,Pittsburgh,PA,15205
433,Jacqueline,Green,Knoxville,TN,37914
434,Virginia,Hall,Irvine,CA,92710
435,Judith,Chavez,San Diego,CA,92121
436,Joseph,Walker,Stockton,CA,95205
437,Gerald,Mills,Dayton,OH,45414
438,Lawrence,James,Winston Salem,NC,27150
439,Jeffrey,Stephens,South Lake Tahoe,CA,96154
440,Kathy,Clark,Richmond,VA,23213
441,Robin,Thompson,Atlanta,GA,31136
442,Joan,Burns,Provo,UT,84605
443,Judy,Hamilton,Orlando,FL,32835
444,Ruth,Holmes,Fort Worth,TX,76162
445,Laura,Fuller,Honolulu,HI,96845
446,Henry,Jacobs,Saginaw,MI,48604
447,Theresa,Ross,Pensacola,FL,32520
448,James,Lawrence,Orlando,FL,32803
449,Jonathan,Gutierrez,Memphis,TN,38197
450,Janice,Lopez,Washington,DC,20599
451,Joe,Perkins,Sioux Falls,SD,57198
452,Elizabeth,Harper,Bakersfield,CA,93305
453,Raymond,Payne,Stamford,CT,6912
454,Anna,Porter,Beaufort,SC,29905
455,Ernest,Long,Denver,CO,80235
456,Gerald,Watkins,Tulsa,OK,74170
457,Mary,Jacobs,Silver Spring,MD,20918
458,Susan,Bailey,Saint Paul,MN,55127
459,Kimberly,Garrett,Washington,DC,20036
460,Daniel,Riley,San Antonio,TX,78278
461,Albert,Cunningham,Manchester,NH,3105
462,Gloria,Lopez,Idaho Falls,ID,83405
463,Sharon,Morrison,New York City,NY,10155
464,Arthur,Andrews,Springfield,MO,65898
465,Jennifer,Payne,Shawnee Mission,KS,66205
466,Matthew,Turner,Yonkers,NY,10705
467,Elizabeth,Little,Roanoke,VA,24004
468,Billy,Roberts,High Point,NC,27264
469,Emily,Mitchell,Madison,WI,53785
470,Maria,Moore,San Bernardino,CA,92405
471,Phyllis,Elliott,Flushing,NY,11388
472,Theresa,Moreno,New York City,NY,10280
473,Ruth,Mitchell,Santa Clara,CA,95054
474,Virginia,Robertson,Fresno,CA,93794
475,Marie,Fox,Valley Forge,PA,19495
476,Gerald,Harris,Syracuse,NY,13251
477,Edward,Howell,Rochester,NY,14619
478,Barbara,Black,Tulsa,OK,74184
479,Aaron,Perry,Fullerton,CA,92835
480,Alan,Cooper,Rockford,IL,61105
481,Frances,Hamilton,Los Angeles,CA,90087
482,Andrew,Ramos,Dallas,TX,75310
483,Sara,Henry,Houston,TX,77240
484,Kathryn,Armstrong,Jacksonville,FL,32244
485,Rebecca,Rose,Raleigh,NC,27605
486,Billy,Martinez,San Antonio,TX,78230
487,Jeffrey,Robertson,El Paso,TX,79945
488,Sandra,Wells,Lima,OH,45807
489,Willie,Lewis,Springfield,IL,62723
490,Jerry,Shaw,New Haven,CT,6505
491,Terry,Romero,Houston,TX,77201
492,Jeremy,Day,Erie,PA,16522
493,Fred,Oliver,Miami,FL,33142
494,Brenda,Jenkins,Birmingham,AL,35215
495,Joe,Dixon,Richmond,VA,23203
496,Debra,Adams,Peoria,IL,61651
497,Ernest,Carpenter,Fort Smith,AR,72916
498,Ronald,Ryan,Baltimore,MD,21203
499,Peter,Dunn,Sacramento,CA,94291
500,Julia,Olson,Las Vegas,NV,89193
501,Frances,Jones,Louisville,KY,40205
502,Irene,Meyer,Baltimore,MD,21229
503,Carl,Armstrong,Philadelphia,PA,19151
504,Michelle,Dean,Youngstown,OH,44511
505,Anne,James,Lynchburg,VA,24515
506,Donna,Austin,Roanoke,VA,24009
507,Janet,Crawford,Washington,DC,20470
508,Randy,Gonzales,San Jose,CA,95113
509,Bonnie,Grant,San Francisco,CA,94110
510,Jason,Morris,Hollywood,FL,33028
511,Kenneth,Matthews,Dearborn,MI,48126
512,Norma,Sanders,Canton,OH,44760
513,Debra,Johnston,Amarillo,TX,79188
514,Ruby,Smith,Lansing,MI,48956
515,Emily,Lane,West Hartford,CT,6127
516,Judith,Rice,Charleston,WV,25389
517,Donald,Bryant,Charleston,WV,25389
518,Beverly,Ross,Washington,DC,20430
519,Adam,Warren,Kansas City,MO,64153
520,Diana,Stewart,Richmond,VA,23260
521,Timothy,Kelley,Bozeman,MT,59771
522,Joan,Cruz,Sioux Falls,SD,57110
523,Bonnie,Smith,Billings,MT,59105
524,Susan,Rose,Toledo,OH,43699
525,William,Murray,Salt Lake City,UT,84199
526,Jeffrey,Fields,Stockton,CA,95205
527,Keith,Powell,Winter Haven,FL,33884
528,Adam,Wood,Baton Rouge,LA,70894
529,Charles,Shaw,El Paso,TX,79994
530,Joseph,Henderson,Paterson,NJ,7544
531,Christopher,Perez,Laredo,TX,78044
532,Eric,Reed,Boulder,CO,80305
533,Ann,Gordon,Dallas,TX,75358
534,Martha,Bell,Santa Fe,NM,87505
535,Bruce,Simmons,Roanoke,VA,24004
536,Terry,Flores,Peoria,IL,61640
537,Philip,Olson,Des Moines,IA,50305
538,Terry,Hansen,Denver,CO,80255
539,Denise,Simpson,Worcester,MA,1605
540,Tammy,Kennedy,Tacoma,WA,98464
541,Russell,Parker,Chicago,IL,60619
542,Melissa,Greene,West Palm Beach,FL,33421
543,Roger,Ross,Rochester,NY,14639
544,Patrick,Snyder,Jacksonville,FL,32215
545,Rose,Martin,Hartford,CT,6183
546,Todd,Evans,Birmingham,AL,35285
547,Sharon,Martin,Austin,TX,78703
548,Jerry,Vasquez,Fairfield,CT,6825
549,Phyllis,Ray,Little Rock,AR,72204
550,Patrick,Ross,Albany,NY,12232
551,Benjamin,Henry,Berkeley,CA,94712
552,Paul,Carpenter,Saint Louis,MO,63104
553,Ronald,Gardner,Scottsdale,AZ,85271
554,Terry,Boyd,Fort Wayne,IN,46825
555,Sandra,Willis,Phoenix,AZ,85053
556,Bruce,Gonzales,Houston,TX,77206
557,Cynthia,Greene,Joliet,IL,60435
558,Kimberly,Carpenter,Austin,TX,78710
559,Brandon,Murray,Jackson,MS,39210
560,Barbara,Castillo,Los Angeles,CA,90101
561,Kelly,Campbell,Los Angeles,CA,90055
562,Emily,Parker,Reno,NV,89550
563,Wanda,Hart,Tucson,AZ,85748
564,Catherine,Richards,Jacksonville,FL,32259
565,Gregory,Perez,Raleigh,NC,27615
566,Tina,Wagner,Tucson,AZ,85725
567,Amanda,Brown,Morgantown,WV,26505
568,Sarah,Gray,Kansas City,MO,64153
569,Robert,Carr,Richmond,CA,94807
570,Patrick,Weaver,New York City,NY,10175
571,Patricia,Lopez,Houston,TX,77090
572,Theresa,Jacobs,Woburn,MA,1813
573,Deborah,Sanchez,Dallas,TX,75372
574,Stephanie,Reid,Houston,TX,77234
575,Douglas,Smith,Toledo,OH,43605
576,Ralph,Burke,Fort Wayne,IN,46852
577,Irene,Mills,Washington,DC,20310
578,Kevin,Burns,Wichita,KS,67236
579,Carol,Moreno,Lincoln,NE,68583
580,Thomas,Fisher,New Castle,PA,16107
581,Frank,Harper,Sacramento,CA,94286
582,Thomas,Watkins,Oklahoma City,OK,73135
583,Lois,Bailey,Roanoke,VA,24029
584,Samuel,Dean,New Orleans,LA,70142
585,Louise,Sanders,Richmond,CA,94807
586,Harold,Hamilton,Charlotte,NC,28215
587,Rebecca,James,Greenville,SC,29605
588,Lawrence,Campbell,Los Angeles,CA,90065
589,Joan,Carroll,Kansas City,MO,64144
590,Heather,Green,Waltham,MA,2453
591,Cheryl,Thomas,Columbus,GA,31914
592,Tammy,Medina,Miami,FL,33283
593,Cheryl,Meyer,Canton,OH,44720
594,Patrick,Nichols,White Plains,NY,10606
595,Lillian,Brown,Houston,TX,77299
596,Wayne,Holmes,Las Vegas,NV,89193
597,Roger,Martinez,Herndon,VA,22070
598,Shawn,Shaw,San Jose,CA,95155
599,Willie,Hayes,Morgantown,WV,26505
600,Phyllis,Thomas,Raleigh,NC,27658
601,Lori,Harris,Cincinnati,OH,45296
602,Maria,Knight,Schenectady,NY,12305
603,Sara,Greene,Huntsville,AL,35805
604,Christine,Garza,Boston,MA,2114
605,Victor,Bishop,Knoxville,TN,37939
606,Heather,Gardner,Springfield,IL,62794
607,Richard,Fox,Champaign,IL,61825
608,Ann,Howell,Kansas City,MO,64190
609,Fred,Murray,Milwaukee,WI,53225
610,Martin,Reid,Chicago,IL,60619
611,Eugene,Powell,Memphis,TN,38119
612,Gerald,Bailey,Stockton,CA,95210
613,Steve,Snyder,Colorado Springs,CO,80905
614,Patricia,Hanson,Mobile,AL,36605
615,Peter,Hansen,Washington,DC,20404
616,Barbara,Hansen,Fort Worth,TX,76129
617,Andrew,Jacobs,Inglewood,CA,90310
618,Kimberly,Medina,Boise,ID,83732
619,Jerry,Cruz,Young America,MN,55557
620,Joan,Taylor,Tallahassee,FL,32309
621,Betty,Johnston,Manassas,VA,22111
622,Louise,Burns,New York City,NY,10280
623,Anna,Martinez,Los Angeles,CA,90189
624,Johnny,Lee,Evansville,IN,47725
625,Wanda,Carroll,Sacramento,CA,94230
626,Dorothy,Sanders,Denver,CO,80270
627,Julie,Romero,Washington,DC,20231
628,Patrick,Cole,Modesto,CA,95397
629,Rebecca,West,Cleveland,OH,44125
630,Jessica,Perez,Rochester,NY,14646
631,Harry,Reed,Cincinnati,OH,45238
632,Doris,Dean,Buffalo,NY,14269
633,Michelle,Scott,Sunnyvale,CA,94089
634,Julia,Griffin,Charleston,WV,25356
635,Jesse,Bell,Washington,DC,20436
636,Diane,Mills,Dayton,OH,45470
637,Harold,Simpson,Raleigh,NC,27610
638,Todd,Rogers,New York City,NY,10270
639,Denise,Hamilton,Mobile,AL,36616
640,Tina,Banks,Kansas City,MO,64187
641,Evelyn,Hart,Albany,GA,31704
642,Charles,Green,San Diego,CA,92121
643,Joyce,Day,Savannah,GA,31422
644,Patrick,Gray,West Palm Beach,FL,33411
645,Willie,Kennedy,Atlanta,GA,31106
646,Tammy,Peterson,Atlanta,GA,31136
647,Kathy,Gordon,San Jose,CA,95118
648,Timothy,Rivera,Tulsa,OK,74193
649,Helen,Adams,Nashville,TN,37245
650,Cynthia,Greene,Omaha,NE,68110
651,Randy,Gonzales,Oakland,CA,94616
652,John,Barnes,Winston Salem,NC,27116
653,Frank,Hansen,Phoenix,AZ,85053
654,Frances,Holmes,New Orleans,LA,70179
655,Howard,Bailey,Fort Worth,TX,76134
656,James,Wood,Saint Cloud,MN,56372
657,David,Hicks,Brooklyn,NY,11220
658,Betty,Johnson,Fresno,CA,93778
659,Pamela,Ward,Atlanta,GA,30343
660,Virginia,Porter,Saint Paul,MN,55188
661,Nancy,Walker,Washington,DC,20420
662,Walter,Cooper,Fresno,CA,93726
663,Pamela,Thomas,Fullerton,CA,92640
664,Frances,Ferguson,Atlanta,GA,30316
665,Jason,Johnson,Wichita,KS,67205
666,Alan,Stephens,Huntington,WV,25716
667,Tina,Larson,Dayton,OH,45419
668,Susan,Stevens,Washington,DC,20299
669,Carl,Arnold,Tyler,TX,75799
670,Sandra,Jones,Wilkes Barre,PA,18768
671,Charles,Ross,Raleigh,NC,27605
672,Sharon,Thompson,Naples,FL,34108
673,Ruby,Turner,Migrate,KY,41905
674,Juan,Lynch,Winston Salem,NC,27157
675,Amy,Lawson,Houston,TX,77201
676,Doris,Olson,Arlington,TX,76004
677,Angela,Jones,New York City,NY,10039
678,Samuel,Jordan,Lynchburg,VA,24515
679,Todd,Carpenter,Charlotte,NC,28210
680,Marie,Bowman,Hartford,CT,6140
681,Mary,Morris,Springfield,OH,45505
682,Douglas,Banks,Springfield,IL,62764
683,Lillian,Coleman,Olympia,WA,98506
684,Keith,Kelley,Springfield,MA,1152
685,Robin,Berry,Flint,MI,48550
686,Beverly,Kennedy,New Hyde Park,NY,11044
687,Irene,Phillips,Charleston,WV,25389
688,Jeffrey,Henderson,Frankfort,KY,40618
689,Melissa,Gilbert,Cincinnati,OH,45254
690,Dennis,Duncan,Des Moines,IA,50981
691,Katherine,Black,Washington,DC,20078
692,Melissa,Cox,Portland,ME,4109
693,Steven,Schmidt,Houston,TX,77223
694,Rose,Hamilton,Fort Myers,FL,33994
695,Stephen,Davis,Lansing,MI,48919
696,Sean,Nelson,Waterbury,CT,6726
697,Clarence,Washington,Pompano Beach,FL,33075
698,Robert,Perry,Ann Arbor,MI,48107
699,Doris,Riley,Corpus Christi,TX,78465
700,Billy,Andrews,San Antonio,TX,78225
701,Ruby,Black,Washington,DC,20067
702,Teresa,Flores,Boston,MA,2104
703,Patrick,Fisher,Atlanta,GA,30316
704,Christopher,Brooks,Reading,PA,19610
705,Sean,Carroll,Ocala,FL,34474
706,Walter,Wood,Pasadena,TX,77505
707,Tammy,Shaw,Austin,TX,78703
708,Chris,Martinez,Iowa City,IA,52245
709,Patrick,Chavez,Des Moines,IA,50362
710,Julie,Schmidt,Charlotte,NC,28215
711,Kathryn,Nguyen,West Hartford,CT,6127
712,Anthony,Collins,Columbus,MS,39705
713,Eugene,Gilbert,Sacramento,CA,94291
714,Kimberly,Moreno,Jamaica,NY,11470
715,Victor,Olson,Milwaukee,WI,53234
716,Frank,Gomez,Cambridge,MA,2142
717,Catherine,Pierce,Washington,DC,20226
718,Doris,Anderson,Galveston,TX,77554
719,Jeremy,Gordon,Olympia,WA,98506
720,Joan,Berry,Dallas,TX,75277
721,Margaret,Robinson,Alexandria,LA,71307
722,Adam,Ellis,Fort Worth,TX,76115
723,Frances,Meyer,San Francisco,CA,94137
724,Russell,Wood,Newark,DE,19725
725,Deborah,Gray,Tucson,AZ,85725
726,Louise,Hamilton,Dayton,OH,45432
727,Denise,Sanchez,Athens,GA,30610
728,Kathleen,Rogers,Des Moines,IA,50393
729,Rachel,Boyd,Washington,DC,20226
730,Jacqueline,Griffin,Saint Paul,MN,55115
731,Shawn,Wright,Montgomery,AL,36109
732,Harry,Harper,Houston,TX,77250
733,Phillip,Crawford,Washington,DC,20238
734,Cynthia,Howard,San Antonio,TX,78260
735,Marilyn,Andrews,Shawnee Mission,KS,66205
736,Rachel,Rivera,Toledo,OH,43666
737,Willie,Lee,Independence,MO,64054
738,Lawrence,Hudson,Richmond,VA,23208
739,Kenneth,Patterson,Austin,TX,78754
740,Nancy,Garcia,San Jose,CA,95133
741,Mark,Ward,Miami,FL,33129
742,William,Clark,Shawnee Mission,KS,66220
743,Kelly,Martinez,Brooklyn,NY,11236
744,Betty,Jacobs,Kansas City,MO,64149
745,Kelly,Williams,Washington,DC,20231
746,Carol,Reed,Chicago,IL,60646
747,Earl,Taylor,El Paso,TX,88584
748,Mildred,Richardson,Kansas City,MO,64130
749,Edward,Berry,Des Moines,IA,50310
750,Robin,Brooks,Richmond,VA,23225
751,Paula,Gibson,Tyler,TX,75710
752,Arthur,Myers,Alexandria,VA,22313
753,Denise,Davis,Austin,TX,78726
754,Alice,Sanders,Washington,DC,20036
755,Tammy,Vasquez,Anniston,AL,36205
756,Karen,Wright,Tampa,FL,33673
757,Jimmy,Henderson,Washington,DC,20210
758,Louis,Martin,Inglewood,CA,90310
759,Ernest,Wilson,Lexington,KY,40546
760,Evelyn,Ellis,Fairbanks,AK,99709
761,Howard,Burke,New York City,NY,10270
762,Louis,Hicks,Birmingham,AL,35285
763,Nancy,Robinson,Oklahoma City,OK,73135
764,Albert,Lawrence,Chicago,IL,60663
765,Antonio,Watson,Melbourne,FL,32941
766,Joe,Fowler,Melbourne,FL,32941
767,Debra,Walker,New York City,NY,10060
768,Ruby,Rice,New York City,NY,10024
769,Paul,Ramirez,Fort Smith,AR,72905
770,Lori,Vasquez,Lubbock,TX,79491
771,Cynthia,Gilbert,Houston,TX,77234
772,Nicole,Snyder,Santa Clara,CA,95054
773,Amanda,Long,Minneapolis,MN,55423
774,Donna,Stanley,Killeen,TX,76544
775,Julie,Peterson,Erie,PA,16550
776,Marilyn,Arnold,Norcross,GA,30092
777,Kathryn,Martinez,Warren,OH,44485
778,Earl,Peterson,Cleveland,OH,44130
779,Denise,Fox,Petaluma,CA,94975
780,Marilyn,Gomez,San Jose,CA,95173
781,Ruby,Young,Trenton,NJ,8619
782,Barbara,Watkins,El Paso,TX,88574
783,Brandon,Adams,Evansville,IN,47725
784,Gloria,Moreno,Fresno,CA,93721
785,Karen,Turner,Houston,TX,77228
786,Denise,Murray,Silver Spring,MD,20910
787,Martha,Gilbert,Pensacola,FL,32575
788,Ruby,Freeman,New York City,NY,10160
789,Ronald,Grant,San Diego,CA,92160
790,Amanda,Gilbert,Pasadena,TX,77505
791,Nancy,Graham,Jacksonville,FL,32225
792,Gerald,Gomez,Fort Worth,TX,76192
793,Roger,Murray,Chicago,IL,60609
794,George,Dunn,Atlanta,GA,30356
795,Ernest,Mcdonald,Atlanta,GA,31190
796,Denise,Lane,Richmond,CA,94807
797,Donna,Little,Kansas City,MO,64114
798,Lillian,Alexander,Buffalo,NY,14276
799,Jean,Gutierrez,Boca Raton,FL,33499
800,Kenneth,Lawrence,Washington,DC,20540
801,Diane,King,Prescott,AZ,86305
802,Mary,Snyder,Oklahoma City,OK,73147
803,Gregory,Young,Cheyenne,WY,82007
804,Deborah,Nguyen,Grand Rapids,MI,49510
805,Andrea,Young,Pompano Beach,FL,33064
806,Lois,Foster,Houston,TX,77228
807,Barbara,Torres,Washington,DC,20470
808,Linda,Morrison,Fort Collins,CO,80525
809,Susan,Willis,Topeka,KS,66611
810,Diane,Howard,Minneapolis,MN,55428
811,Paula,Lopez,Provo,UT,84605
812,Ralph,Lawson,Erie,PA,16510
813,Kevin,Hughes,Spring,TX,77388
814,Gloria,Harper,Grand Rapids,MI,49518
815,Kelly,Banks,Saint Louis,MO,63158
816,Anthony,Bailey,Huntsville,AL,35805
817,Matthew,Dixon,Jacksonville,FL,32220
818,Jack,Harvey,Washington,DC,20392
819,Jesse,Smith,Houston,TX,77055
820,Eric,Dunn,Charlotte,NC,28289
821,Marilyn,Reynolds,Atlanta,GA,30380
822,Mary,Foster,Birmingham,AL,35295
823,Diane,Ray,Indianapolis,IN,46278
824,Sarah,Baker,Hartford,CT,6145
825,Ronald,Richardson,Boca Raton,FL,33487
826,Joan,Murray,Philadelphia,PA,19115
827,Kathleen,Peterson,Chicago,IL,60681
828,Joyce,Burke,Spring,TX,77388
829,Theresa,Myers,Raleigh,NC,27615
830,Paul,Ferguson,New York City,NY,10120
831,Brian,Cunningham,San Bernardino,CA,92424
832,Samuel,George,Henderson,NV,89074
833,Mary,Ross,Toledo,OH,43635
834,Virginia,Wheeler,Denton,TX,76205
835,Deborah,Wilson,El Paso,TX,79945
836,Julie,Wheeler,Fort Wayne,IN,46867
837,Adam,Long,El Paso,TX,79994
838,Irene,Chavez,Philadelphia,PA,19131
839,Jose,Franklin,Richmond,VA,23242
840,Diane,Carter,Oklahoma City,OK,73114
841,Debra,Peterson,Jacksonville,FL,32209
842,Carol,James,Ogden,UT,84409
843,Joshua,Carpenter,Orlando,FL,32891
844,Anne,Johnston,Oklahoma City,OK,73173
845,Judy,Jenkins,Washington,DC,20566
846,Julie,Mills,Harrisburg,PA,17121
847,Denise,Howell,Tampa,FL,33673
848,Marie,Mendoza,New York City,NY,10115
849,Randy,Dunn,Dallas,TX,75397
850,Dorothy,Robinson,Wichita,KS,67205
851,Scott,White,Saginaw,MI,48604
852,Jeremy,Castillo,Minneapolis,MN,55428
853,Richard,Castillo,Pensacola,FL,32595
854,Angela,Allen,Miami,FL,33196
855,Julie,Banks,Monticello,MN,55590
856,James,Elliott,San Jose,CA,95138
857,Maria,Gonzalez,Washington,DC,20409
858,Joshua,Lewis,Tampa,FL,33673
859,Mildred,Castillo,Hollywood,FL,33028
860,Martha,Howard,Bryan,TX,77806
861,Joseph,Cook,Saint Paul,MN,55127
862,Antonio,Evans,Raleigh,NC,27635
863,Brian,Perez,Boston,MA,2208
864,Larry,Black,Des Moines,IA,50981
865,Teresa,Carr,Gatesville,TX,76598
866,Frank,Montgomery,Alhambra,CA,91841
867,Carolyn,Fields,Dayton,OH,45432
868,John,Scott,Wilmington,DE,19897
869,Bruce,Hall,El Paso,TX,79945
870,Scott,Martin,Baton Rouge,LA,70820
871,Phillip,Hunt,Elizabeth,NJ,7208
872,Ryan,Austin,Jefferson City,MO,65105
873,Robert,Franklin,El Paso,TX,88519
874,Marilyn,Bell,Kent,WA,98042
875,Heather,Ray,Aurora,CO,80015
876,Cynthia,Burns,Phoenix,AZ,85083
877,Timothy,Green,Dayton,OH,45490
878,Scott,Robinson,Washington,DC,20205
879,Judith,Banks,Jacksonville,FL,32209
880,Phyllis,Day,Greensboro,NC,27409
881,Sara,Warren,Saint Paul,MN,55115
882,Mildred,Payne,Seattle,WA,98133
883,Melissa,Hernandez,Montgomery,AL,36114
884,Anne,Barnes,Amarillo,TX,79116
885,Stephen,Cook,Naples,FL,34114
886,Paul,Little,Saint Paul,MN,55103
887,Daniel,Rivera,London,KY,40745
888,Lori,Harris,Silver Spring,MD,20910
889,Keith,Johnson,Atlanta,GA,30392
890,Martha,Smith,Cincinnati,OH,45218
891,Cheryl,Simmons,New York City,NY,10292
892,Angela,Schmidt,Fort Smith,AR,72905
893,Christopher,Williamson,Austin,TX,78732
894,Randy,Parker,Dayton,OH,45414
895,Carolyn,Clark,Los Angeles,CA,90030
896,Alan,Anderson,Beaumont,TX,77713
897,Henry,Reynolds,Phoenix,AZ,85083
898,Henry,Chavez,Spokane,WA,99252
899,Keith,Castillo,Colorado Springs,CO,80905
900,Patrick,Reyes,Memphis,TN,38114
901,Gerald,Nelson,Charleston,SC,29416
902,Gerald,Gilbert,Savannah,GA,31410
903,Christina,Knight,Lexington,KY,40546
904,Scott,Burke,Springfield,MA,1152
905,Brenda,Daniels,Dallas,TX,75216
906,Ruth,Stephens,Cincinnati,OH,45264
907,Jason,Ellis,Saint Louis,MO,63121
908,Christine,Rivera,Raleigh,NC,27605
909,Linda,Morris,Houston,TX,77050
910,Andrea,Welch,Wichita,KS,67230
911,Bobby,Nelson,Shreveport,LA,71115
912,Rose,Hayes,Memphis,TN,38143
913,Karen,Welch,Minneapolis,MN,55402
914,Deborah,Spencer,Evansville,IN,47705
915,Louise,Jones,Greensboro,NC,27499
916,Melissa,Rose,Wichita,KS,67260
917,Emily,Reyes,Tacoma,WA,98411
918,Jimmy,Kennedy,Phoenix,AZ,85045
919,Amanda,Pierce,Greenville,SC,29610
920,Wayne,Howell,Chandler,AZ,85246
921,Gregory,Wood,Sacramento,CA,94230
922,Todd,Wood,Temple,TX,76505
923,Brandon,Boyd,Moreno Valley,CA,92555
924,Harry,Edwards,Salt Lake City,UT,84189
925,Gary,Ferguson,Raleigh,NC,27658
926,Julia,Perkins,Colorado Springs,CO,80915
927,Thomas,Cunningham,Seattle,WA,98121
928,Martha,Coleman,Dallas,TX,75216
929,Shawn,Adams,Sacramento,CA,94250
930,Diane,Jackson,Buffalo,NY,14233
931,Donald,Larson,Young America,MN,55557
932,Shirley,Harvey,Provo,UT,84605
933,Roy,Meyer,Fort Lauderdale,FL,33330
934,Debra,Phillips,Spring,TX,77388
935,Catherine,Hart,Jacksonville,FL,32209
936,Paula,Collins,Washington,DC,20535
937,Adam,Sullivan,Washington,DC,20414
938,Jesse,Jones,Fort Wayne,IN,46896
939,Christopher,Ross,Beaufort,SC,29905
940,Heather,White,Harrisburg,PA,17126
941,Chris,Moreno,Fairbanks,AK,99790
942,Gerald,Green,New Haven,CT,6510
943,Johnny,Ruiz,Washington,DC,20337
944,Carlos,Morales,Lansing,MI,48956
945,Gloria,Ramos,New York City,NY,10110
946,Lawrence,Sanchez,San Francisco,CA,94164
947,Philip,Hayes,Oakland,CA,94622
948,George,Ortiz,Boston,MA,2119
949,Lois,Andrews,El Paso,TX,88530
950,Russell,Lawson,College Station,TX,77844
951,Richard,George,Columbus,OH,43226
952,Cheryl,Moore,Tacoma,WA,98411
953,Sarah,Sims,San Diego,CA,92191
954,Lori,Little,Las Vegas,NV,89105
955,Lawrence,Johnston,Jackson,MS,39296
956,Andrew,Nelson,Colorado Springs,CO,80930
957,Jeremy,Fields,Portsmouth,VA,23705
958,Shawn,Palmer,New York City,NY,10131
959,Laura,Rice,Houston,TX,77293
960,Justin,Hunt,Frederick,MD,21705
961,Margaret,Myers,Minneapolis,MN,55480
962,Clarence,Hicks,Oakland,CA,94611
963,Billy,Lawrence,Omaha,NE,68110
964,Emily,Stevens,Philadelphia,PA,19141
965,Anthony,Bradley,Lubbock,TX,79415
966,Joe,Smith,Fort Worth,TX,76147
967,Juan,Thompson,Sunnyvale,CA,94089
968,Steven,Taylor,Wilkes Barre,PA,18763
969,Jerry,Hudson,Savannah,GA,31405
970,Michelle,Wheeler,Minneapolis,MN,55423
971,Pamela,Carpenter,Columbia,SC,29203
972,Jennifer,Porter,New Orleans,LA,70124
973,Sharon,Harper,Anderson,SC,29625
974,Rose,Cooper,Bloomington,IL,61709
975,Howard,Ortiz,Alexandria,VA,22301
976,Joan,Bryant,Decatur,GA,30033
977,Christopher,Brooks,Pueblo,CO,81010
978,Karen,Frazier,Anaheim,CA,92812
979,Wanda,Graham,Albuquerque,NM,87201
980,Theresa,Bennett,Madison,WI,53790
981,Debra,Black,Clearwater,FL,34615
982,Karen,Martin,Phoenix,AZ,85010
983,Elizabeth,Hanson,Fort Pierce,FL,34981
984,Diana,Allen,Indianapolis,IN,46207
985,Steven,Cooper,Muskegon,MI,49444
986,Joseph,Bradley,Cincinnati,OH,45243
987,Kathy,Reynolds,Washington,DC,20580
988,Pamela,Kim,Amarillo,TX,79118
989,Jerry,Ruiz,Columbus,OH,43226
990,Gary,Richards,Tucson,AZ,85720
991,Joyce,Wagner,Kansas City,MO,64199
992,Robin,Sullivan,Milwaukee,WI,53215
993,Joan,Duncan,Roanoke,VA,24048
994,George,Flores,San Diego,CA,92121
995,Gerald,Roberts,Los Angeles,CA,90081
996,Carlos,Gardner,Cheyenne,WY,82007
997,Sean,Bailey,Los Angeles,CA,90055
998,Kenneth,Hunter,Pocatello,ID,83206
999,Randy,Harper,Spokane,WA,99252
1000,Victor,Woods,Miami,FL,33164
1001,Tammy,Scott,Shreveport,LA,71161
1002,Shawn,Bennett,Philadelphia,PA,19151
1003,Judy,Spencer,Chicago,IL,60697
1004,Joseph,Lynch,New York City,NY,10115
1005,Daniel,Sims,Houston,TX,77218
1006,Wanda,Brooks,Elizabeth,NJ,7208
1007,Tina,Lee,Bakersfield,CA,93386
1008,Todd,King,Washington,DC,20005
1009,Willie,Robinson,Minneapolis,MN,55448
1010,Norma,Williamson,Duluth,MN,55811
1011,Gary,Bishop,Wilmington,NC,28410
1012,Jean,Young,Huntsville,AL,35895
1013,Richard,Rose,Melbourne,FL,32919
1014,Harry,Dean,Shreveport,LA,71151
1015,Pamela,Schmidt,San Diego,CA,92137
1016,Alan,Lane,Schaumburg,IL,60193
1017,Helen,Moreno,El Paso,TX,79994
1018,Patricia,Henderson,Long Beach,CA,90847
1019,Rose,Jenkins,Paterson,NJ,7544
1020,Paul,Meyer,Milwaukee,WI,53210
1021,Michelle,Harris,Memphis,TN,38126
1022,Christine,Castillo,Washington,DC,20231
1023,Andrea,Frazier,Bakersfield,CA,93311
1024,Jessica,King,Birmingham,AL,35279
1025,Judy,Watson,Toledo,OH,43656
1026,Susan,Austin,Des Moines,IA,50305
1027,Arthur,Harper,Newport News,VA,23605
1028,Timothy,Kim,Detroit,MI,48258
1029,David,Myers,Boise,ID,83727
1030,Patricia,Stone,South Bend,IN,46634
1031,Helen,Hughes,Raleigh,NC,27690
1032,Jane,Ford,Dayton,OH,45419
1033,Catherine,Riley,Sioux Falls,SD,57188
1034,Cynthia,Johnston,New York City,NY,10014
1035,Robin,Sims,Chicago,IL,60686
1036,Gary,Sims,Paterson,NJ,7505
1037,Joshua,Crawford,Winston Salem,NC,27110
1038,Robert,Anderson,New Orleans,LA,70142
1039,William,Harper,Columbus,OH,43210
1040,Adam,Patterson,Buffalo,NY,14220
1041,Jane,Daniels,Anaheim,CA,92825
1042,Ann,Hawkins,Des Moines,IA,50320
1043,Walter,Henry,Indianapolis,IN,46254
1044,Laura,Wilson,Amarillo,TX,79171
1045,Joshua,Clark,Pensacola,FL,32511
1046,Douglas,Gray,Saint Louis,MO,63143
1047,Ruth,Long,Washington,DC,20046
1048,Brenda,Harrison,Sioux Falls,SD,57193
1049,Sandra,Ward,Prescott,AZ,86305
1050,Craig,Cook,Hampton,VA,23663
1051,Amy,Walker,Manchester,NH,3105
1052,Maria,Garcia,Providence,RI,2905
1053,Shirley,Long,Tallahassee,FL,32309
1054,Debra,Rivera,Morgantown,WV,26505
1055,Jesse,Franklin,Portland,OR,97296
1056,Linda,Moore,Winston Salem,NC,27105
1057,Deborah,Carpenter,Colorado Springs,CO,80935
1058,Clarence,Moore,Dallas,TX,75210
1059,James,Stone,Erie,PA,16510
1060,John,Stevens,Phoenix,AZ,85020
1061,Linda,Grant,New York City,NY,10160
1062,Laura,Bradley,Cedar Rapids,IA,52410
1063,Lori,Parker,Naples,FL,33961
1064,Terry,Holmes,Dayton,OH,45470
1065,Teresa,Arnold,Mobile,AL,36670
1066,Matthew,Snyder,Huntington,WV,25775
1067,Jose,Nelson,Denver,CO,80223
1068,Gloria,Hughes,Huntington,WV,25709
1069,Terry,Rodriguez,Washington,DC,20540
1070,Carolyn,Welch,Honolulu,HI,96835
1071,Cynthia,Matthews,Washington,DC,20397
1072,Shawn,Rice,Troy,MI,48098
1073,Debra,Ford,Buffalo,NY,14215
1074,Jacqueline,Ward,Hattiesburg,MS,39404
1075,Shirley,Walker,Des Moines,IA,50315
1076,James,Miller,Lake Worth,FL,33462
1077,Jerry,Welch,Saint Louis,MO,63196
1078,Amy,Sanders,Peoria,IL,61614
1079,Randy,Daniels,Young America,MN,55551
1080,Pamela,Alvarez,Syracuse,NY,13224
1081,Steve,Butler,Pueblo,CO,81005
1082,Todd,Bowman,Dallas,TX,75205
1083,Mark,West,Birmingham,AL,35220
1084,Nicholas,Wells,Columbus,OH,43240
1085,Ruby,Moreno,Duluth,GA,30195
1086,Ashley,West,Duluth,MN,55811
1087,Lawrence,Grant,Denver,CO,80235
1088,John,Kim,Memphis,TN,38188
1089,Emily,Ross,Atlanta,GA,30336
1090,Martha,Palmer,Chicago,IL,60691
1091,Beverly,Burke,Washington,DC,20535
1092,Todd,Mitchell,Visalia,CA,93291
1093,Helen,Carter,Pittsburgh,PA,15240
1094,Benjamin,Schmidt,Sacramento,CA,94207
1095,Helen,Castillo,Tulsa,OK,74170
1096,Peter,Crawford,Herndon,VA,22070
1097,Samuel,Fields,Huntington,WV,25726
1098,Michael,Gonzalez,Roanoke,VA,24009
1099,Louise,Morrison,Miami,FL,33147